Student ID,Name,Faculty,Advisor's Name,Email,Phone Number,Date of Birth,Gender,Address,Semesters,GPA,Scholarship Status / Tuition Fees,Clubs Attending
12211073,Nur Sari,KLC,Kim Hyunjin,sari81@university.edu,010-2316-2614,1999-09-09,f,"Incheon, 58-25 Street, House 15",6,1.22,50%,Dance Club
12211085,Kim Hyunjin,IBT,Choi Minho,hyunjin13@university.edu,010-5243-8382,1995-02-10,f,"Incheon, 43-42 Street, House 6",6,0.31,Full Tuition Fee,Dance Club
12211116,Kang Jisoo,ISE,Cho Hyunjin,jisoo29@university.edu,010-5392-4062,2001-07-01,f,"Seoul, 29-17 Street, House 8",6,3.62,Full Tuition Fee,Game Programming
12211210,Choi Donghyun,IBT,Yoon Minho,donghyun71@university.edu,010-6002-1694,2005-07-16,m,"Incheon, 85-19 Street, House 8",6,1.99,100%,Skating
12211230,Jung Seoyeon,IBT,Jang Jisoo,seoyeon24@university.edu,010-8690-7733,2001-02-28,m,"Seoul, 87-30 Street, House 12",6,1.13,100%,0
12211420,Im Donghyun,IBT,Jang Minho,donghyun75@university.edu,010-1240-3320,2003-03-08,m,"Incheon, 5-34 Street, House 9",6,0.19,50%,Kayaking
12211561,Kim Seoyeon,ISE,Cho Hyunjin,seoyeon69@university.edu,010-3038-9070,1995-08-04,m,"Incheon, 25-13 Street, House 1",6,1.35,50%,Game Programming
12211704,Ulan Hadi,KLC,Yoon Minho,hadi16@university.edu,010-6935-8786,1999-02-20,m,"Incheon, 61-20 Street, House 2",6,1.43,Full Tuition Fee,Drama Club
12212421,Jung Seoyeon,ISE,Jang Minho,seoyeon18@university.edu,010-8119-1303,1996-08-13,f,"Incheon, 2-48 Street, House 15",6,0.57,50%,Game Programming
12212593,Tjokro Madina,KLC,Cho Hyunjin,madina55@university.edu,010-5885-8797,2004-03-28,f,"Incheon, 77-22 Street, House 8",6,3.27,25%,0
12212652,Kang Jisoo,IBT,Jang Minho,jisoo52@university.edu,010-6793-8915,1997-11-18,m,"Incheon, 13-36 Street, House 19",6,2.96,25%,0
12212763,Jang Minho,ISE,Kim Hyunjin,minho7@university.edu,010-1211-6854,2000-09-12,m,"Seoul, 42-49 Street, House 13",6,2.78,25%,Dance Club
12212769,Choi Minho,IBT,Cho Hyunjin,minho47@university.edu,010-9078-1554,1999-10-06,m,"Seoul, 98-3 Street, House 13",6,1.44,Full Tuition Fee,Game Programming
12212798,Kang Hyunjin,IBT,Yoon Minho,hyunjin33@university.edu,010-5303-6397,2004-09-14,m,"Incheon, 76-1 Street, House 2",6,0.26,50%,Skating
12212814,Jang Donghyun,IBT,Yoon Donghyun,donghyun17@university.edu,010-9959-4177,1998-03-17,m,"Seoul, 27-22 Street, House 14",6,1.72,25%,Dance Club
12212969,Jung Donghyun,ISE,Yoon Minho,donghyun87@university.edu,010-7291-2333,2005-08-18,m,"Seoul, 69-35 Street, House 13",6,0.1,100%,Music Society
12212981,Jang Minho,IBT,Yoon Donghyun,minho27@university.edu,010-8510-2378,1999-12-22,f,"Incheon, 34-6 Street, House 16",6,1.92,Full Tuition Fee,Rock Climbing
12212992,Kang Seoyeon,ISE,Kang Jisoo,seoyeon28@university.edu,010-1154-3497,1999-03-12,f,"Incheon, 72-6 Street, House 11",6,0.29,Full Tuition Fee,Kayaking
12213217,Park Seoyeon,ISE,Jang Jisoo,seoyeon28@university.edu,010-7796-1945,1997-12-02,f,"Seoul, 78-35 Street, House 17",6,2.24,100%,0
12213314,Kim Jisoo,IBT,Yoon Minho,jisoo96@university.edu,010-4291-9827,1998-11-18,f,"Seoul, 5-4 Street, House 7",6,0.67,25%,0
12213356,Nur Aigerim,KLC,Yoon Donghyun,aigerim58@university.edu,010-9128-4607,1999-02-25,m,"Incheon, 75-41 Street, House 14",6,2.35,50%,Debate Team
12213493,Jung Soojin,IBT,Jang Minho,soojin90@university.edu,010-4268-6350,1998-10-21,m,"Seoul, 71-15 Street, House 4",6,4.39,Full Tuition Fee,Drama Club
12213517,Temur Aung,KLC,Choi Minho,aung58@university.edu,010-6954-3399,2000-03-02,f,"Incheon, 7-16 Street, House 1",6,4.4,Full Tuition Fee,Dance Club
12213538,Cho Hyunjin,ISE,Kang Jisoo,hyunjin79@university.edu,010-9025-9549,1997-10-22,f,"Incheon, 41-42 Street, House 13",6,3.15,Full Tuition Fee,Game Programming
12213540,Park Donghyun,IBT,Choi Minho,donghyun5@university.edu,010-6402-4846,2005-08-02,f,"Incheon, 93-48 Street, House 14",6,2.51,Full Tuition Fee,Drama Club
12213670,Cho Donghyun,IBT,Yoon Minho,donghyun68@university.edu,010-6163-9102,1997-04-25,m,"Incheon, 9-20 Street, House 11",6,3.5,25%,Drama Club
12213744,Ulan Hadi,KLC,Kang Jisoo,hadi33@university.edu,010-9316-2051,2002-09-12,f,"Seoul, 64-38 Street, House 10",6,1.66,100%,Kayaking
12213846,Park Jisoo,IBT,Yoon Minho,jisoo28@university.edu,010-7936-3802,2001-04-25,m,"Seoul, 2-8 Street, House 14",6,0.16,100%,Debate Team
12214007,Kang Hyunjin,ISE,Yoon Donghyun,hyunjin61@university.edu,010-9122-8314,1999-10-20,f,"Incheon, 18-24 Street, House 8",6,4.43,Full Tuition Fee,0
12214065,Park Donghyun,ISE,Jang Minho,donghyun47@university.edu,010-7061-5964,1996-11-22,f,"Incheon, 4-38 Street, House 6",6,3.22,Full Tuition Fee,Drama Club
12214091,Park Jisoo,IBT,Yoon Minho,jisoo57@university.edu,010-6690-5995,1995-04-21,m,"Incheon, 82-33 Street, House 14",6,1.31,Full Tuition Fee,Rock Climbing
12214172,Park Donghyun,ISE,Yoon Donghyun,donghyun3@university.edu,010-6691-1703,1998-03-17,m,"Incheon, 58-33 Street, House 12",6,2.44,50%,Dance Club
12214251,Kang Soojin,ISE,Choi Minho,soojin95@university.edu,010-4732-9239,2004-08-08,m,"Incheon, 97-30 Street, House 2",6,2.28,100%,Debate Team
12214305,Yoon Soojin,ISE,Kang Jisoo,soojin32@university.edu,010-9564-7351,1999-07-19,f,"Incheon, 28-13 Street, House 6",6,0.73,100%,Skating
12214317,Akbar Ruslan,KLC,Cho Hyunjin,ruslan18@university.edu,010-8633-7347,1997-10-23,m,"Seoul, 26-17 Street, House 15",6,1.78,Full Tuition Fee,Music Society
12214425,Kang Seoyeon,ISE,Choi Minho,seoyeon33@university.edu,010-8837-7363,1997-06-20,m,"Seoul, 31-23 Street, House 11",6,1.68,100%,Music Society
12214447,Choi Seoyeon,ISE,Kim Hyunjin,seoyeon85@university.edu,010-2277-1508,2003-03-03,f,"Incheon, 79-8 Street, House 13",6,3.22,Full Tuition Fee,Drama Club
12214471,Cho Soojin,ISE,Kang Jisoo,soojin33@university.edu,010-7058-7932,1995-07-04,m,"Seoul, 46-11 Street, House 7",6,4.2,100%,Rock Climbing
12214499,Akbar Win,KLC,Kang Jisoo,win64@university.edu,010-7140-1109,2004-03-02,f,"Incheon, 80-49 Street, House 9",6,1.1,Full Tuition Fee,Kayaking
12214613,Temur Aziz,KLC,Kang Jisoo,aziz5@university.edu,010-7504-1827,1995-05-04,m,"Seoul, 97-22 Street, House 6",6,1.7,25%,0
12214617,Im Soojin,IBT,Jang Jisoo,soojin66@university.edu,010-2770-2156,1995-03-20,m,"Incheon, 38-41 Street, House 15",6,4.44,Full Tuition Fee,Rock Climbing
12214687,Jung Minho,ISE,Choi Minho,minho77@university.edu,010-3391-5921,1996-11-15,f,"Seoul, 10-18 Street, House 12",6,1.45,100%,Kayaking
12214784,Kim Minho,IBT,Yoon Donghyun,minho91@university.edu,010-3980-1456,1997-10-05,m,"Seoul, 67-19 Street, House 14",6,3.94,100%,Rock Climbing
12214918,Yoon Seoyeon,IBT,Kim Hyunjin,seoyeon98@university.edu,010-7444-3027,2004-03-13,f,"Incheon, 96-5 Street, House 14",6,3.44,100%,Game Programming
12214933,Im Seoyeon,ISE,Jang Minho,seoyeon44@university.edu,010-6940-4653,2005-08-08,m,"Incheon, 27-29 Street, House 4",6,4.35,25%,Dance Club
12214974,Choi Jisoo,ISE,Kang Jisoo,jisoo78@university.edu,010-4140-7061,2000-05-18,f,"Seoul, 95-28 Street, House 19",6,2.39,50%,Rock Climbing
12214986,Osmon Aung,KLC,Cho Hyunjin,aung41@university.edu,010-7517-8269,1999-04-13,m,"Incheon, 38-49 Street, House 12",6,3.6,100%,Rock Climbing
12215038,Im Seoyeon,IBT,Kim Hyunjin,seoyeon86@university.edu,010-3287-3268,2002-05-22,m,"Seoul, 27-1 Street, House 10",6,3.71,50%,0
12215199,Jang Soojin,IBT,Yoon Minho,soojin14@university.edu,010-3372-2815,2002-03-16,m,"Incheon, 99-30 Street, House 4",6,4.45,25%,Music Society
12215407,Park Seoyeon,IBT,Jang Jisoo,seoyeon18@university.edu,010-4121-4444,1999-01-17,m,"Seoul, 94-25 Street, House 11",6,2.23,Full Tuition Fee,Drama Club
12215503,Im Soojin,IBT,Cho Hyunjin,soojin4@university.edu,010-7746-4883,2005-11-17,m,"Incheon, 86-37 Street, House 7",6,4.46,50%,Game Programming
12215567,Jang Donghyun,ISE,Kim Hyunjin,donghyun85@university.edu,010-1547-5484,1995-06-16,m,"Seoul, 78-16 Street, House 6",6,3.96,Full Tuition Fee,Debate Team
12215572,Akbar Erzhan,KLC,Kim Hyunjin,erzhan35@university.edu,010-6526-4703,2004-02-10,f,"Seoul, 29-15 Street, House 18",6,0.71,25%,0
12215581,Cho Hyunjin,IBT,Yoon Donghyun,hyunjin62@university.edu,010-2324-6221,2000-12-12,m,"Incheon, 77-23 Street, House 17",6,0.16,100%,Music Society
12216224,Park Hyunjin,ISE,Kim Hyunjin,hyunjin36@university.edu,010-4343-3573,1999-02-04,f,"Incheon, 1-20 Street, House 16",6,4.02,25%,0
12216393,Nur Aigerim,KLC,Cho Hyunjin,aigerim14@university.edu,010-3862-4857,2002-12-21,f,"Seoul, 47-29 Street, House 7",6,0.09,Full Tuition Fee,0
12216593,Im Minho,IBT,Yoon Minho,minho16@university.edu,010-8087-6957,1998-10-27,m,"Seoul, 14-24 Street, House 13",6,1.62,100%,Rock Climbing
12216608,Ulan Hadi,KLC,Yoon Donghyun,hadi7@university.edu,010-9366-5587,2005-09-13,f,"Seoul, 43-43 Street, House 16",6,3.12,100%,Skating
12216731,Lee Jisoo,IBT,Kim Hyunjin,jisoo70@university.edu,010-8600-8410,1999-12-17,f,"Incheon, 31-28 Street, House 17",6,2.99,Full Tuition Fee,Drama Club
12216752,Choi Donghyun,IBT,Kim Hyunjin,donghyun15@university.edu,010-4629-4931,1998-02-20,m,"Seoul, 57-43 Street, House 13",6,3.79,50%,Skating
12216772,Osmon Nazira,KLC,Yoon Minho,nazira92@university.edu,010-3593-2304,2004-11-18,m,"Seoul, 96-40 Street, House 6",6,4.09,25%,0
12216784,Kang Minho,IBT,Jang Jisoo,minho62@university.edu,010-3455-9494,1995-11-21,m,"Incheon, 73-2 Street, House 8",6,2.24,25%,0
12216794,Choi Soojin,IBT,Jang Jisoo,soojin12@university.edu,010-9578-2907,2000-03-23,f,"Incheon, 11-15 Street, House 18",6,2.36,25%,Debate Team
12216980,Im Soojin,ISE,Yoon Minho,soojin61@university.edu,010-7447-7132,1997-01-14,f,"Incheon, 77-2 Street, House 15",6,0.36,50%,Drama Club
12217039,Ulan Aizada,KLC,Jang Jisoo,aizada32@university.edu,010-3171-1389,1995-11-19,f,"Seoul, 78-19 Street, House 13",6,2.82,Full Tuition Fee,0
12217040,Choi Seoyeon,ISE,Yoon Minho,seoyeon80@university.edu,010-7675-1467,1995-10-08,f,"Incheon, 66-45 Street, House 17",6,1.02,25%,Drama Club
12217231,Jang Seoyeon,IBT,Cho Hyunjin,seoyeon59@university.edu,010-6367-9714,1999-10-16,m,"Incheon, 90-48 Street, House 5",6,2.22,Full Tuition Fee,Skating
12217435,Kang Hyunjin,IBT,Yoon Donghyun,hyunjin90@university.edu,010-3600-3626,2004-09-01,m,"Incheon, 74-29 Street, House 11",6,1.87,100%,0
12217505,Jung Donghyun,IBT,Yoon Minho,donghyun66@university.edu,010-9305-4055,1995-11-02,f,"Seoul, 81-8 Street, House 19",6,1.69,25%,Music Society
12217556,Jung Donghyun,ISE,Jang Minho,donghyun89@university.edu,010-3900-4385,2004-07-24,f,"Incheon, 38-11 Street, House 19",6,1.55,25%,Dance Club
12217569,Jung Hyunjin,IBT,Jang Jisoo,hyunjin13@university.edu,010-9015-2912,2000-10-07,f,"Incheon, 48-25 Street, House 9",6,2.54,25%,Skating
12217635,Osmon Shoxrux,KLC,Kang Jisoo,shoxrux69@university.edu,010-5261-4315,2002-07-03,f,"Incheon, 60-16 Street, House 8",6,4.36,50%,Music Society
12217648,Kang Hyunjin,ISE,Cho Hyunjin,hyunjin72@university.edu,010-2388-3254,2000-11-16,m,"Seoul, 2-21 Street, House 19",6,1.04,100%,Game Programming
12217649,Lee Seoyeon,ISE,Yoon Minho,seoyeon83@university.edu,010-2321-4076,2002-03-20,m,"Seoul, 49-30 Street, House 3",6,1.38,100%,Kayaking
12217817,Soe Aizada,KLC,Jang Minho,aizada82@university.edu,010-9932-5579,2001-08-22,m,"Seoul, 17-48 Street, House 17",6,2.96,25%,Rock Climbing
12217843,Kang Soojin,IBT,Cho Hyunjin,soojin10@university.edu,010-9645-2053,1999-10-02,m,"Seoul, 48-20 Street, House 6",6,0.24,100%,Debate Team
12217908,Jang Hyunjin,IBT,Yoon Donghyun,hyunjin85@university.edu,010-3280-2183,2004-06-02,f,"Seoul, 67-50 Street, House 19",6,3.43,Full Tuition Fee,Music Society
12218234,Park Minho,ISE,Yoon Donghyun,minho58@university.edu,010-2452-9160,1997-01-06,f,"Incheon, 56-40 Street, House 13",6,2.22,Full Tuition Fee,0
12218257,Soe Bekbolot,KLC,Kim Hyunjin,bekbolot84@university.edu,010-5416-1536,1999-01-21,m,"Seoul, 23-8 Street, House 15",6,2.01,50%,Rock Climbing
12218314,Jung Soojin,ISE,Kim Hyunjin,soojin19@university.edu,010-7392-7169,2005-05-13,f,"Seoul, 35-17 Street, House 2",6,0.57,100%,Dance Club
12218343,Ulan Hnin,KLC,Cho Hyunjin,hnin52@university.edu,010-6440-2200,2003-03-13,m,"Incheon, 65-35 Street, House 10",6,2.81,100%,Kayaking
12218606,Park Hyunjin,ISE,Jang Jisoo,hyunjin97@university.edu,010-5849-6794,2004-10-04,m,"Seoul, 24-48 Street, House 3",6,1.77,25%,Drama Club
12218681,Park Minho,ISE,Choi Minho,minho94@university.edu,010-2899-4012,1995-02-10,f,"Seoul, 11-49 Street, House 10",6,4.09,50%,Dance Club
12218844,Akbar Win,KLC,Choi Minho,win21@university.edu,010-5340-6234,2005-05-15,f,"Seoul, 33-43 Street, House 11",6,1.91,50%,Debate Team
12218983,Lee Soojin,IBT,Choi Minho,soojin58@university.edu,010-3733-3856,2005-03-22,m,"Seoul, 65-18 Street, House 9",6,4.16,50%,Debate Team
12219086,Jung Hyunjin,ISE,Cho Hyunjin,hyunjin32@university.edu,010-4149-5113,2001-02-21,f,"Incheon, 23-14 Street, House 10",6,3.96,25%,Drama Club
12219165,Cho Minho,ISE,Kang Jisoo,minho40@university.edu,010-3275-2943,1998-03-02,f,"Incheon, 18-15 Street, House 18",6,0.7,50%,Game Programming
12219207,Choi Seoyeon,IBT,Yoon Minho,seoyeon27@university.edu,010-9014-4242,2001-08-06,f,"Seoul, 61-2 Street, House 11",6,3.33,25%,Music Society
12219296,Osmon Ruslan,KLC,Jang Jisoo,ruslan91@university.edu,010-9265-2014,2000-07-18,m,"Seoul, 97-49 Street, House 15",6,1.45,50%,Debate Team
12219406,Tjokro Adi,KLC,Yoon Minho,adi92@university.edu,010-5806-8246,2004-07-08,m,"Incheon, 97-17 Street, House 15",6,3.79,50%,Music Society
12219428,Choi Seoyeon,ISE,Cho Hyunjin,seoyeon14@university.edu,010-6710-4416,2004-08-16,m,"Incheon, 7-45 Street, House 4",6,4.16,Full Tuition Fee,Music Society
12219485,Soe Nazira,KLC,Jang Jisoo,nazira8@university.edu,010-6526-5673,1998-06-18,m,"Seoul, 4-21 Street, House 18",6,1.41,25%,Dance Club
12219501,Jung Soojin,IBT,Jang Minho,soojin7@university.edu,010-2539-3559,2005-11-18,f,"Incheon, 52-48 Street, House 19",6,2.45,100%,0
12219677,Nur Gulnara,KLC,Jang Jisoo,gulnara18@university.edu,010-8907-8447,1995-10-09,f,"Incheon, 19-15 Street, House 10",6,2.78,25%,0
12219810,Cho Donghyun,IBT,Jang Jisoo,donghyun83@university.edu,010-7526-4466,1996-01-02,m,"Seoul, 28-48 Street, House 4",6,0.22,50%,Drama Club
12219833,Osmon Dana,KLC,Cho Hyunjin,dana86@university.edu,010-7226-4649,1995-09-26,f,"Seoul, 49-11 Street, House 17",6,3.38,25%,Music Society
12219842,Tjokro Ruslan,KLC,Kim Hyunjin,ruslan54@university.edu,010-4182-2794,2005-02-16,m,"Incheon, 85-29 Street, House 15",6,4.38,100%,Rock Climbing
12219910,Jung Seoyeon,ISE,Kim Hyunjin,seoyeon88@university.edu,010-3238-9691,2003-06-12,f,"Incheon, 68-33 Street, House 13",6,4.39,50%,Dance Club
12219961,Temur Hadi,KLC,Kim Hyunjin,hadi50@university.edu,010-3608-7675,2002-04-09,f,"Seoul, 97-3 Street, House 15",6,2.0,100%,Rock Climbing
12221063,Jung Soojin,ISE,Kim Hyunjin,soojin34@university.edu,010-7316-2433,2000-01-04,f,"Seoul, 43-5 Street, House 14",4,1.21,100%,Skating
12221126,Yoon Soojin,ISE,Choi Minho,soojin64@university.edu,010-7355-5256,2000-02-23,f,"Seoul, 88-32 Street, House 7",4,1.62,50%,Game Programming
12221176,Choi Hyunjin,ISE,Kim Hyunjin,hyunjin14@university.edu,010-1827-7797,2001-12-15,f,"Incheon, 54-24 Street, House 13",4,1.34,50%,Debate Team
12221438,Yoon Hyunjin,IBT,Jang Jisoo,hyunjin58@university.edu,010-6844-5922,1998-09-03,f,"Seoul, 42-21 Street, House 16",4,0.17,100%,0
12221746,Nur Nursultan,KLC,Yoon Donghyun,nursultan12@university.edu,010-4866-4462,1996-08-01,m,"Incheon, 2-15 Street, House 13",4,1.18,50%,Rock Climbing
12221816,Kim Hyunjin,ISE,Cho Hyunjin,hyunjin45@university.edu,010-9548-4065,1999-12-12,f,"Incheon, 84-17 Street, House 16",4,3.26,Full Tuition Fee,Kayaking
12221876,Ulan Zhanar,KLC,Yoon Donghyun,zhanar26@university.edu,010-7896-1629,2005-12-18,f,"Seoul, 74-1 Street, House 18",4,2.24,50%,Game Programming
12221971,Osmon Dana,KLC,Cho Hyunjin,dana81@university.edu,010-4650-9123,2000-06-17,f,"Seoul, 34-9 Street, House 7",4,0.25,25%,Rock Climbing
12222162,Cho Seoyeon,ISE,Kim Hyunjin,seoyeon76@university.edu,010-9039-1353,2001-07-06,f,"Incheon, 32-17 Street, House 6",4,0.0,25%,Kayaking
12222228,Nur Hadi,KLC,Jang Minho,hadi27@university.edu,010-7517-2487,2001-10-26,f,"Incheon, 24-28 Street, House 13",4,0.37,100%,0
12222299,Nur Aibek,KLC,Jang Minho,aibek91@university.edu,010-8218-4769,2000-09-07,f,"Incheon, 32-27 Street, House 9",4,4.09,25%,Debate Team
12222320,Lee Soojin,IBT,Kang Jisoo,soojin2@university.edu,010-8331-7888,1999-03-13,f,"Seoul, 83-4 Street, House 1",4,3.37,50%,Music Society
12222482,Kim Hyunjin,ISE,Cho Hyunjin,hyunjin55@university.edu,010-2990-3744,2005-03-23,m,"Seoul, 19-6 Street, House 16",4,3.43,50%,Skating
12222493,Im Soojin,ISE,Jang Jisoo,soojin16@university.edu,010-7235-2313,1998-02-24,f,"Seoul, 67-28 Street, House 17",4,3.42,25%,Skating
12222532,Lee Minho,IBT,Choi Minho,minho77@university.edu,010-8211-1840,2002-04-20,f,"Seoul, 58-25 Street, House 6",4,2.2,100%,Skating
12222587,Nur Dana,KLC,Cho Hyunjin,dana44@university.edu,010-2729-1035,2002-12-16,f,"Incheon, 84-43 Street, House 5",4,0.51,25%,Game Programming
12222858,Jung Soojin,ISE,Jang Minho,soojin33@university.edu,010-2936-8234,1997-01-11,f,"Incheon, 1-34 Street, House 1",4,2.83,50%,0
12222999,Jung Jisoo,IBT,Jang Jisoo,jisoo8@university.edu,010-8316-1354,2004-06-21,f,"Incheon, 67-48 Street, House 6",4,0.71,50%,Skating
12223157,Temur Win,KLC,Choi Minho,win45@university.edu,010-5766-2199,2004-05-01,f,"Incheon, 51-42 Street, House 10",4,2.37,Full Tuition Fee,Rock Climbing
12223203,Tjokro Erzhan,KLC,Yoon Donghyun,erzhan43@university.edu,010-7334-6793,2003-12-20,f,"Incheon, 78-15 Street, House 3",4,0.16,100%,Kayaking
12223244,Cho Seoyeon,IBT,Cho Hyunjin,seoyeon37@university.edu,010-2167-7417,1996-03-12,m,"Incheon, 1-40 Street, House 11",4,1.39,Full Tuition Fee,Skating
12223343,Im Soojin,ISE,Kang Jisoo,soojin3@university.edu,010-8256-4751,1996-05-16,m,"Incheon, 47-38 Street, House 13",4,1.96,100%,Skating
12223362,Jung Hyunjin,IBT,Jang Minho,hyunjin89@university.edu,010-6390-4452,2001-09-01,f,"Seoul, 43-45 Street, House 18",4,4.26,100%,Rock Climbing
12223575,Tjokro Hnin,KLC,Yoon Minho,hnin38@university.edu,010-7867-3321,2002-10-08,f,"Incheon, 24-50 Street, House 5",4,4.32,Full Tuition Fee,Game Programming
12223593,Kim Donghyun,IBT,Kang Jisoo,donghyun44@university.edu,010-9083-9083,1996-09-15,f,"Incheon, 26-15 Street, House 10",4,3.27,Full Tuition Fee,Debate Team
12223778,Cho Minho,ISE,Yoon Minho,minho8@university.edu,010-8911-9070,2002-09-26,m,"Seoul, 73-14 Street, House 14",4,0.76,25%,Kayaking
12224075,Cho Donghyun,IBT,Kim Hyunjin,donghyun74@university.edu,010-6780-4576,1995-09-19,f,"Seoul, 24-38 Street, House 2",4,0.89,50%,Dance Club
12224251,Ulan Bekzod,KLC,Choi Minho,bekzod10@university.edu,010-8161-9403,2004-09-20,m,"Incheon, 82-37 Street, House 8",4,3.14,25%,Rock Climbing
12224289,Soe Hnin,KLC,Cho Hyunjin,hnin42@university.edu,010-7407-7859,2003-05-20,f,"Seoul, 32-33 Street, House 14",4,4.02,Full Tuition Fee,Game Programming
12224334,Temur Budi,KLC,Yoon Minho,budi85@university.edu,010-9742-5675,1996-08-13,m,"Incheon, 71-28 Street, House 9",4,4.31,25%,Rock Climbing
12224357,Yoon Soojin,IBT,Cho Hyunjin,soojin39@university.edu,010-2890-4367,2005-12-20,m,"Seoul, 46-28 Street, House 17",4,4.23,100%,0
12224485,Yoon Soojin,ISE,Cho Hyunjin,soojin40@university.edu,010-5529-3402,2003-10-24,m,"Seoul, 17-9 Street, House 2",4,1.99,Full Tuition Fee,Music Society
12224517,Choi Donghyun,IBT,Yoon Donghyun,donghyun46@university.edu,010-9198-9375,2001-03-21,f,"Seoul, 45-22 Street, House 12",4,3.78,50%,0
12224564,Park Minho,IBT,Kang Jisoo,minho35@university.edu,010-2348-8627,2003-08-06,m,"Incheon, 66-37 Street, House 9",4,2.23,100%,Kayaking
12224613,Tjokro Nazira,KLC,Kim Hyunjin,nazira16@university.edu,010-2747-4013,2001-08-12,f,"Seoul, 47-26 Street, House 17",4,4.19,Full Tuition Fee,Debate Team
12224768,Kang Hyunjin,IBT,Yoon Minho,hyunjin4@university.edu,010-5304-5223,1999-11-10,f,"Seoul, 54-30 Street, House 7",4,4.27,Full Tuition Fee,Rock Climbing
12224790,Choi Donghyun,IBT,Yoon Minho,donghyun7@university.edu,010-7183-7287,2002-09-01,f,"Seoul, 71-19 Street, House 14",4,2.39,50%,Debate Team
12224960,Nur Aizada,KLC,Jang Jisoo,aizada5@university.edu,010-4073-8587,1996-07-06,m,"Seoul, 13-35 Street, House 8",4,1.72,50%,0
12224965,Lee Hyunjin,IBT,Yoon Minho,hyunjin22@university.edu,010-5107-8584,2003-11-27,f,"Seoul, 7-7 Street, House 14",4,2.26,Full Tuition Fee,Skating
12224981,Park Seoyeon,IBT,Yoon Donghyun,seoyeon20@university.edu,010-3335-7941,1997-12-04,f,"Seoul, 13-25 Street, House 13",4,4.07,25%,Drama Club
12225056,Im Minho,IBT,Choi Minho,minho53@university.edu,010-4292-5312,1995-02-11,m,"Incheon, 47-9 Street, House 3",4,0.76,Full Tuition Fee,Game Programming
12225129,Im Hyunjin,IBT,Cho Hyunjin,hyunjin20@university.edu,010-8150-7080,2004-12-19,m,"Incheon, 98-37 Street, House 13",4,0.66,Full Tuition Fee,Game Programming
12225219,Cho Hyunjin,IBT,Jang Minho,hyunjin19@university.edu,010-8651-2062,2002-04-12,m,"Seoul, 40-39 Street, House 12",4,2.99,50%,Rock Climbing
12225354,Im Hyunjin,ISE,Kang Jisoo,hyunjin13@university.edu,010-8121-6163,1997-03-04,m,"Incheon, 62-5 Street, House 4",4,0.58,50%,0
12225370,Ulan Aigerim,KLC,Kang Jisoo,aigerim17@university.edu,010-7094-1164,1998-07-18,f,"Incheon, 65-31 Street, House 9",4,0.8,Full Tuition Fee,Kayaking
12225396,Yoon Jisoo,ISE,Kang Jisoo,jisoo87@university.edu,010-9721-7460,2004-09-10,m,"Seoul, 32-11 Street, House 11",4,2.62,Full Tuition Fee,Drama Club
12225507,Yoon Donghyun,IBT,Kim Hyunjin,donghyun30@university.edu,010-8337-3317,1997-04-20,m,"Incheon, 14-40 Street, House 15",4,2.16,100%,0
12225546,Nur Gulnara,KLC,Yoon Minho,gulnara99@university.edu,010-1745-7967,2000-07-14,m,"Incheon, 94-1 Street, House 13",4,2.24,25%,0
12225690,Osmon Putri,KLC,Yoon Donghyun,putri53@university.edu,010-7644-1977,2001-06-23,f,"Incheon, 61-31 Street, House 14",4,2.42,100%,Music Society
12225768,Cho Minho,IBT,Yoon Minho,minho96@university.edu,010-5190-6711,1995-12-28,f,"Seoul, 55-33 Street, House 2",4,4.4,100%,0
12225775,Yoon Minho,IBT,Yoon Donghyun,minho17@university.edu,010-6924-6745,1998-02-27,f,"Seoul, 22-33 Street, House 20",4,1.33,Full Tuition Fee,Music Society
12225799,Yoon Hyunjin,IBT,Jang Jisoo,hyunjin24@university.edu,010-7629-9851,1996-08-11,m,"Incheon, 6-10 Street, House 4",4,3.95,100%,0
12225814,Tjokro Aigerim,KLC,Kang Jisoo,aigerim9@university.edu,010-3797-6822,1998-02-01,f,"Incheon, 87-37 Street, House 14",4,4.45,50%,Debate Team
12225934,Soe Aigerim,KLC,Yoon Minho,aigerim83@university.edu,010-8460-8450,1999-12-10,m,"Seoul, 3-26 Street, House 7",4,4.47,Full Tuition Fee,Drama Club
12225988,Osmon Ruslan,KLC,Choi Minho,ruslan15@university.edu,010-2162-1707,2000-12-27,f,"Incheon, 62-34 Street, House 13",4,0.62,100%,Music Society
12225992,Cho Jisoo,IBT,Kang Jisoo,jisoo84@university.edu,010-3462-8682,1998-11-06,f,"Incheon, 55-26 Street, House 8",4,0.13,25%,Skating
12226103,Jung Jisoo,IBT,Yoon Minho,jisoo5@university.edu,010-5324-8536,2005-03-06,f,"Incheon, 84-9 Street, House 3",4,3.12,Full Tuition Fee,Drama Club
12226198,Jang Seoyeon,IBT,Yoon Minho,seoyeon80@university.edu,010-1255-9370,2000-07-07,m,"Incheon, 46-27 Street, House 13",4,2.32,50%,0
12226209,Cho Donghyun,ISE,Kang Jisoo,donghyun96@university.edu,010-4015-4705,2001-07-06,f,"Incheon, 73-24 Street, House 12",4,0.13,Full Tuition Fee,Debate Team
12226216,Kim Jisoo,ISE,Yoon Donghyun,jisoo30@university.edu,010-7973-1648,2003-05-24,m,"Incheon, 97-14 Street, House 4",4,4.32,Full Tuition Fee,0
12226407,Kang Donghyun,IBT,Jang Jisoo,donghyun77@university.edu,010-6934-9738,1998-01-16,m,"Incheon, 65-32 Street, House 20",4,2.11,Full Tuition Fee,Debate Team
12226490,Lee Donghyun,IBT,Cho Hyunjin,donghyun79@university.edu,010-1406-6812,2004-07-01,m,"Seoul, 38-23 Street, House 7",4,3.67,25%,Skating
12226964,Cho Hyunjin,IBT,Kim Hyunjin,hyunjin33@university.edu,010-3136-7206,1998-05-26,m,"Seoul, 44-2 Street, House 7",4,0.24,Full Tuition Fee,Rock Climbing
12227048,Im Seoyeon,ISE,Jang Jisoo,seoyeon15@university.edu,010-1775-8551,2000-06-18,m,"Seoul, 14-18 Street, House 12",4,1.55,Full Tuition Fee,0
12227178,Jang Donghyun,ISE,Yoon Minho,donghyun58@university.edu,010-5590-9074,2002-08-17,f,"Incheon, 40-22 Street, House 9",4,3.91,50%,0
12227184,Park Seoyeon,ISE,Yoon Donghyun,seoyeon1@university.edu,010-2853-6821,2002-10-11,f,"Incheon, 20-35 Street, House 20",4,0.59,100%,Drama Club
12227212,Akbar Nazira,KLC,Choi Minho,nazira36@university.edu,010-6869-7205,2002-02-20,f,"Incheon, 50-39 Street, House 9",4,3.01,25%,Game Programming
12227223,Soe Bekzod,KLC,Yoon Minho,bekzod22@university.edu,010-2340-3065,2001-11-14,m,"Incheon, 100-16 Street, House 1",4,3.82,50%,Skating
12227425,Temur Nursultan,KLC,Choi Minho,nursultan42@university.edu,010-1624-6089,2004-07-21,m,"Seoul, 44-33 Street, House 4",4,3.77,Full Tuition Fee,Kayaking
12227442,Temur Nazira,KLC,Yoon Minho,nazira62@university.edu,010-1784-4324,2003-05-28,f,"Incheon, 3-48 Street, House 7",4,2.36,25%,0
12227452,Temur Kyaw,KLC,Yoon Donghyun,kyaw16@university.edu,010-3603-9282,2001-06-03,f,"Seoul, 5-18 Street, House 10",4,1.06,100%,Debate Team
12227519,Jung Jisoo,IBT,Kim Hyunjin,jisoo15@university.edu,010-8777-7977,1995-12-20,f,"Seoul, 6-4 Street, House 12",4,0.43,25%,0
12227884,Tjokro Nursultan,KLC,Jang Minho,nursultan68@university.edu,010-2033-2311,2002-12-09,m,"Seoul, 44-37 Street, House 13",4,1.48,100%,0
12227971,Kim Donghyun,ISE,Jang Minho,donghyun51@university.edu,010-3487-8527,1996-01-02,f,"Incheon, 45-50 Street, House 7",4,0.45,Full Tuition Fee,Skating
12228001,Lee Hyunjin,ISE,Kang Jisoo,hyunjin35@university.edu,010-3100-1710,1999-02-01,f,"Incheon, 84-10 Street, House 3",4,1.73,25%,Kayaking
12228011,Cho Donghyun,ISE,Yoon Donghyun,donghyun47@university.edu,010-3133-3989,1996-02-14,f,"Incheon, 4-38 Street, House 6",4,4.41,25%,0
12228187,Choi Seoyeon,IBT,Cho Hyunjin,seoyeon59@university.edu,010-2653-8553,1999-03-28,f,"Incheon, 78-35 Street, House 12",4,2.38,50%,0
12228339,Yoon Donghyun,IBT,Jang Minho,donghyun74@university.edu,010-5749-9031,2002-09-18,m,"Seoul, 58-4 Street, House 15",4,2.02,100%,Drama Club
12228359,Kang Donghyun,ISE,Yoon Minho,donghyun71@university.edu,010-3915-5728,1995-07-15,m,"Incheon, 20-27 Street, House 13",4,3.76,Full Tuition Fee,Drama Club
12228377,Nur Gulnara,KLC,Choi Minho,gulnara9@university.edu,010-2495-5773,2004-07-27,f,"Seoul, 53-14 Street, House 19",4,0.6,100%,0
12228502,Lee Donghyun,ISE,Jang Jisoo,donghyun98@university.edu,010-3056-8478,1997-11-04,f,"Seoul, 19-23 Street, House 20",4,2.05,50%,Music Society
12228557,Osmon Ruslan,KLC,Choi Minho,ruslan80@university.edu,010-7594-3112,2005-01-14,f,"Incheon, 50-18 Street, House 13",4,2.94,100%,Game Programming
12228574,Kang Minho,ISE,Cho Hyunjin,minho83@university.edu,010-8774-4761,2002-04-07,m,"Incheon, 70-14 Street, House 16",4,3.34,25%,Kayaking
12228642,Im Minho,ISE,Jang Minho,minho55@university.edu,010-5870-9127,1996-10-26,f,"Seoul, 22-44 Street, House 16",4,3.65,100%,0
12228788,Nur Madina,KLC,Kim Hyunjin,madina74@university.edu,010-4619-8481,1998-10-26,f,"Seoul, 94-45 Street, House 13",4,3.05,100%,Kayaking
12228818,Lee Minho,IBT,Jang Jisoo,minho33@university.edu,010-1367-7849,2000-02-11,f,"Incheon, 22-32 Street, House 15",4,0.98,100%,Music Society
12228836,Choi Soojin,IBT,Kang Jisoo,soojin89@university.edu,010-3818-1607,1996-08-28,f,"Incheon, 66-4 Street, House 12",4,4.02,50%,Drama Club
12228887,Akbar Bekbolot,KLC,Choi Minho,bekbolot20@university.edu,010-7247-7830,1995-04-04,f,"Incheon, 7-1 Street, House 17",4,2.14,100%,Music Society
12229028,Jung Minho,ISE,Cho Hyunjin,minho68@university.edu,010-7505-4667,2001-04-09,f,"Seoul, 26-50 Street, House 7",4,0.13,100%,Game Programming
12229040,Nur Erzhan,KLC,Yoon Donghyun,erzhan11@university.edu,010-8685-8657,1996-07-02,m,"Incheon, 22-32 Street, House 10",4,0.3,Full Tuition Fee,0
12229262,Im Jisoo,IBT,Jang Minho,jisoo54@university.edu,010-9689-9403,2001-12-25,f,"Incheon, 32-20 Street, House 10",4,0.55,Full Tuition Fee,Dance Club
12229309,Lee Minho,ISE,Kang Jisoo,minho44@university.edu,010-8511-8584,2000-04-12,f,"Incheon, 41-19 Street, House 7",4,2.06,50%,0
12229323,Choi Jisoo,ISE,Cho Hyunjin,jisoo58@university.edu,010-8371-7925,1995-02-04,f,"Incheon, 69-7 Street, House 2",4,2.21,100%,0
12229443,Kim Hyunjin,IBT,Kim Hyunjin,hyunjin84@university.edu,010-1105-8128,2001-01-08,f,"Seoul, 3-25 Street, House 13",4,4.35,Full Tuition Fee,Music Society
12229462,Yoon Seoyeon,ISE,Choi Minho,seoyeon35@university.edu,010-2862-1953,2001-12-19,f,"Seoul, 88-26 Street, House 16",4,0.92,50%,Music Society
12229499,Jang Seoyeon,IBT,Kim Hyunjin,seoyeon77@university.edu,010-1311-8792,1998-11-25,f,"Incheon, 36-1 Street, House 18",4,1.15,100%,Rock Climbing
12229575,Kang Seoyeon,IBT,Choi Minho,seoyeon18@university.edu,010-7747-9307,2003-04-27,m,"Incheon, 55-24 Street, House 14",4,2.99,25%,Drama Club
12229582,Jang Donghyun,IBT,Yoon Minho,donghyun50@university.edu,010-7196-8044,2002-09-12,m,"Incheon, 8-38 Street, House 18",4,0.27,Full Tuition Fee,Rock Climbing
12229632,Soe Ratna,KLC,Cho Hyunjin,ratna29@university.edu,010-4765-8282,2002-08-25,m,"Incheon, 20-2 Street, House 6",4,2.53,Full Tuition Fee,Debate Team
12229687,Tjokro Aigerim,KLC,Cho Hyunjin,aigerim71@university.edu,010-8684-7151,1995-02-25,m,"Incheon, 52-25 Street, House 17",4,1.54,Full Tuition Fee,0
12229688,Choi Donghyun,ISE,Kang Jisoo,donghyun24@university.edu,010-5776-4709,2001-08-11,f,"Incheon, 19-32 Street, House 15",4,4.49,100%,Kayaking
12229726,Ulan Aung,KLC,Kang Jisoo,aung28@university.edu,010-5559-1194,1998-03-08,f,"Incheon, 25-40 Street, House 20",4,4.21,100%,Dance Club
12229984,Temur Aziz,KLC,Yoon Minho,aziz73@university.edu,010-4204-2802,1996-12-18,f,"Seoul, 20-48 Street, House 19",4,0.39,25%,Dance Club
12229988,Osmon Bekzod,KLC,Kang Jisoo,bekzod64@university.edu,010-9006-5107,1999-01-02,m,"Seoul, 37-20 Street, House 14",4,0.37,50%,Drama Club
12229998,Osmon Ratna,KLC,Kang Jisoo,ratna93@university.edu,010-6521-7227,1999-07-21,f,"Seoul, 83-41 Street, House 16",4,1.64,50%,Skating
12231039,Temur Aung,KLC,Kim Hyunjin,aung42@university.edu,010-9691-3209,1999-01-13,m,"Seoul, 98-42 Street, House 2",2,0.0,50%,Music Society
12231126,Yoon Hyunjin,ISE,Cho Hyunjin,hyunjin68@university.edu,010-4865-5811,1997-02-12,f,"Incheon, 91-1 Street, House 18",2,0.0,Full Tuition Fee,0
12231162,Temur Win,KLC,Jang Minho,win89@university.edu,010-6120-5016,2002-10-15,m,"Seoul, 22-24 Street, House 6",2,0.0,100%,0
12231195,Im Hyunjin,IBT,Yoon Minho,hyunjin46@university.edu,010-3710-6368,2003-09-12,f,"Seoul, 83-46 Street, House 16",2,0.0,100%,Drama Club
12231279,Im Soojin,ISE,Kim Hyunjin,soojin96@university.edu,010-6128-5305,2005-09-09,m,"Incheon, 7-32 Street, House 17",2,0.0,25%,Music Society
12231419,Soe Alim,KLC,Kang Jisoo,alim43@university.edu,010-3110-4604,2005-06-13,m,"Seoul, 57-47 Street, House 8",2,0.0,Full Tuition Fee,Kayaking
12231430,Cho Soojin,IBT,Kim Hyunjin,soojin67@university.edu,010-5206-6480,1999-10-13,m,"Incheon, 99-37 Street, House 4",2,0.0,25%,Music Society
12231484,Jang Donghyun,ISE,Cho Hyunjin,donghyun37@university.edu,010-5678-3269,1998-06-16,m,"Seoul, 20-21 Street, House 13",2,0.0,100%,Game Programming
12231590,Yoon Hyunjin,IBT,Jang Jisoo,hyunjin79@university.edu,010-4048-7298,1998-01-02,m,"Incheon, 68-4 Street, House 20",2,0.0,100%,Game Programming
12231592,Soe Bekzod,KLC,Yoon Minho,bekzod29@university.edu,010-6217-6511,2000-04-12,f,"Incheon, 73-18 Street, House 7",2,0.0,Full Tuition Fee,Game Programming
12231715,Soe Shoxrux,KLC,Kang Jisoo,shoxrux95@university.edu,010-5292-2208,2004-05-11,m,"Seoul, 29-7 Street, House 18",2,0.0,100%,Dance Club
12231726,Akbar Kyaw,KLC,Kang Jisoo,kyaw63@university.edu,010-2100-7839,2003-12-14,f,"Incheon, 28-8 Street, House 14",2,0.0,Full Tuition Fee,Dance Club
12231756,Yoon Seoyeon,ISE,Kang Jisoo,seoyeon54@university.edu,010-5381-4791,2002-06-20,m,"Incheon, 65-27 Street, House 5",2,0.0,50%,0
12231814,Jung Donghyun,ISE,Jang Jisoo,donghyun68@university.edu,010-3278-1400,1996-07-24,f,"Seoul, 76-20 Street, House 13",2,0.0,100%,Debate Team
12231824,Im Jisoo,IBT,Cho Hyunjin,jisoo7@university.edu,010-3065-8726,1999-08-26,m,"Seoul, 11-44 Street, House 1",2,0.0,25%,0
12231952,Im Minho,ISE,Yoon Minho,minho78@university.edu,010-3692-9253,1996-10-20,f,"Incheon, 86-31 Street, House 10",2,0.0,100%,0
12232225,Osmon Aung,KLC,Kim Hyunjin,aung69@university.edu,010-5962-4775,1995-08-22,f,"Seoul, 11-24 Street, House 19",2,0.0,25%,0
12232353,Park Seoyeon,IBT,Choi Minho,seoyeon20@university.edu,010-4352-4034,1998-09-22,f,"Incheon, 96-14 Street, House 15",2,0.0,Full Tuition Fee,Game Programming
12232514,Ulan Sari,KLC,Yoon Minho,sari44@university.edu,010-6895-4544,2003-08-19,f,"Seoul, 52-22 Street, House 19",2,0.0,100%,Skating
12232625,Im Hyunjin,IBT,Cho Hyunjin,hyunjin78@university.edu,010-3341-6231,2002-09-07,m,"Incheon, 75-38 Street, House 19",2,0.0,25%,0
12232732,Tjokro Madina,KLC,Choi Minho,madina80@university.edu,010-8185-6679,2001-04-27,f,"Incheon, 37-17 Street, House 13",2,0.0,Full Tuition Fee,Skating
12232815,Kang Donghyun,IBT,Jang Jisoo,donghyun24@university.edu,010-5686-7320,1998-09-15,f,"Seoul, 69-50 Street, House 11",2,0.0,Full Tuition Fee,0
12232888,Jung Minho,IBT,Kang Jisoo,minho48@university.edu,010-2990-8586,1999-05-01,f,"Incheon, 15-8 Street, House 9",2,0.0,100%,Skating
12233003,Ulan Thuzar,KLC,Choi Minho,thuzar57@university.edu,010-6904-5036,2000-01-20,f,"Seoul, 1-27 Street, House 10",2,0.0,25%,Dance Club
12233033,Kang Minho,ISE,Yoon Minho,minho37@university.edu,010-5406-4565,1997-08-12,f,"Seoul, 81-27 Street, House 9",2,0.0,100%,Debate Team
12233046,Kang Soojin,ISE,Yoon Donghyun,soojin43@university.edu,010-4912-5966,1996-07-09,f,"Incheon, 6-16 Street, House 2",2,0.0,25%,Dance Club
12233687,Tjokro Thuzar,KLC,Choi Minho,thuzar43@university.edu,010-9099-2507,1998-01-17,f,"Seoul, 69-39 Street, House 20",2,0.0,Full Tuition Fee,Drama Club
12233782,Nur Min,KLC,Jang Minho,min97@university.edu,010-4492-3913,1997-06-26,m,"Incheon, 90-38 Street, House 18",2,0.0,100%,Dance Club
12233836,Ulan Thuzar,KLC,Kang Jisoo,thuzar40@university.edu,010-6514-9568,1996-06-16,f,"Incheon, 38-42 Street, House 19",2,0.0,50%,0
12233869,Choi Seoyeon,IBT,Jang Jisoo,seoyeon39@university.edu,010-4206-6208,1995-08-19,m,"Seoul, 14-25 Street, House 19",2,0.0,50%,Music Society
12234022,Jang Jisoo,ISE,Yoon Minho,jisoo49@university.edu,010-4786-4340,2003-11-13,m,"Seoul, 60-33 Street, House 19",2,0.0,100%,0
12234113,Kim Seoyeon,IBT,Yoon Donghyun,seoyeon4@university.edu,010-3227-2389,2002-05-01,f,"Seoul, 41-21 Street, House 1",2,0.0,Full Tuition Fee,Kayaking
12234125,Lee Minho,ISE,Yoon Donghyun,minho2@university.edu,010-9139-9632,1995-09-13,f,"Seoul, 87-34 Street, House 18",2,0.0,25%,Music Society
12234226,Jung Hyunjin,IBT,Yoon Minho,hyunjin10@university.edu,010-8131-8761,1999-01-05,f,"Incheon, 86-6 Street, House 15",2,0.0,100%,Rock Climbing
12234233,Osmon Ratna,KLC,Kim Hyunjin,ratna8@university.edu,010-5318-7468,2005-01-09,m,"Incheon, 35-50 Street, House 7",2,0.0,50%,Dance Club
12234376,Jung Minho,ISE,Jang Jisoo,minho43@university.edu,010-5767-7604,1996-05-25,f,"Seoul, 93-15 Street, House 12",2,0.0,50%,Skating
12234405,Kim Hyunjin,ISE,Kang Jisoo,hyunjin30@university.edu,010-1224-4990,1998-02-13,f,"Incheon, 66-44 Street, House 20",2,0.0,Full Tuition Fee,0
12234409,Park Minho,IBT,Jang Minho,minho74@university.edu,010-6316-2308,2005-04-15,m,"Incheon, 27-24 Street, House 2",2,0.0,100%,Drama Club
12234496,Kang Minho,IBT,Yoon Donghyun,minho13@university.edu,010-3058-5104,2003-05-13,m,"Incheon, 3-27 Street, House 6",2,0.0,100%,Rock Climbing
12234718,Park Donghyun,IBT,Kim Hyunjin,donghyun59@university.edu,010-9934-6488,2005-08-22,f,"Incheon, 76-37 Street, House 7",2,0.0,25%,0
12234839,Soe Meerim,KLC,Cho Hyunjin,meerim3@university.edu,010-9698-6966,1995-08-26,f,"Incheon, 19-20 Street, House 14",2,0.0,25%,Music Society
12234849,Kim Donghyun,IBT,Yoon Donghyun,donghyun42@university.edu,010-5477-8189,1995-06-09,m,"Incheon, 15-9 Street, House 6",2,0.0,25%,Game Programming
12234858,Ulan Madina,KLC,Choi Minho,madina1@university.edu,010-7839-8011,1995-12-20,f,"Seoul, 24-33 Street, House 9",2,0.0,100%,Kayaking
12234865,Jung Seoyeon,ISE,Jang Jisoo,seoyeon80@university.edu,010-3142-1777,2000-02-04,m,"Seoul, 86-6 Street, House 2",2,0.0,25%,0
12234869,Temur Aziz,KLC,Yoon Minho,aziz87@university.edu,010-4598-5477,2005-02-16,m,"Seoul, 90-33 Street, House 18",2,0.0,Full Tuition Fee,Dance Club
12235029,Ulan Kyaw,KLC,Kang Jisoo,kyaw14@university.edu,010-6534-7097,2003-03-20,m,"Incheon, 53-33 Street, House 6",2,0.0,25%,Rock Climbing
12235334,Temur Bekzod,KLC,Kim Hyunjin,bekzod54@university.edu,010-7569-5903,1998-01-02,f,"Incheon, 56-15 Street, House 1",2,0.0,25%,Kayaking
12235411,Jang Seoyeon,IBT,Kang Jisoo,seoyeon59@university.edu,010-7023-2314,2004-07-10,f,"Incheon, 63-42 Street, House 13",2,0.0,100%,Skating
12235486,Jung Jisoo,ISE,Choi Minho,jisoo22@university.edu,010-4469-2907,1999-07-05,m,"Incheon, 34-50 Street, House 4",2,0.0,100%,Rock Climbing
12235532,Lee Seoyeon,IBT,Jang Minho,seoyeon48@university.edu,010-4195-5619,2005-07-24,m,"Seoul, 62-11 Street, House 13",2,0.0,100%,0
12235625,Im Donghyun,IBT,Jang Jisoo,donghyun30@university.edu,010-1381-3681,2002-09-09,f,"Incheon, 30-26 Street, House 5",2,0.0,25%,0
12236009,Soe Aziz,KLC,Jang Minho,aziz10@university.edu,010-8046-6174,2005-01-10,f,"Seoul, 17-29 Street, House 14",2,0.0,25%,Debate Team
12236066,Jang Minho,ISE,Yoon Minho,minho3@university.edu,010-5062-1671,2000-04-13,f,"Seoul, 70-42 Street, House 10",2,0.0,Full Tuition Fee,Debate Team
12236237,Akbar Erzhan,KLC,Jang Minho,erzhan19@university.edu,010-9976-2763,1998-03-15,f,"Incheon, 54-21 Street, House 15",2,0.0,Full Tuition Fee,Rock Climbing
12236250,Yoon Hyunjin,IBT,Choi Minho,hyunjin28@university.edu,010-4564-8337,1997-10-08,f,"Incheon, 1-35 Street, House 1",2,0.0,50%,Debate Team
12236299,Yoon Jisoo,IBT,Choi Minho,jisoo21@university.edu,010-3689-9843,2003-02-26,f,"Seoul, 8-44 Street, House 17",2,0.0,Full Tuition Fee,Game Programming
12236334,Osmon Win,KLC,Cho Hyunjin,win23@university.edu,010-1088-2687,1996-01-03,m,"Seoul, 46-14 Street, House 14",2,0.0,100%,Game Programming
12236445,Cho Jisoo,IBT,Kim Hyunjin,jisoo47@university.edu,010-4733-8930,1999-02-21,m,"Incheon, 74-1 Street, House 11",2,0.0,25%,Dance Club
12236588,Park Hyunjin,ISE,Jang Minho,hyunjin19@university.edu,010-6039-6164,1998-01-06,f,"Incheon, 80-5 Street, House 7",2,0.0,100%,0
12236833,Park Soojin,ISE,Yoon Minho,soojin31@university.edu,010-3038-7235,2005-02-21,f,"Seoul, 77-22 Street, House 11",2,0.0,50%,Dance Club
12236887,Kim Seoyeon,IBT,Cho Hyunjin,seoyeon4@university.edu,010-5764-9284,1997-02-21,f,"Incheon, 65-25 Street, House 2",2,0.0,25%,0
12236906,Ulan Shoxrux,KLC,Jang Minho,shoxrux20@university.edu,010-2729-1978,2004-01-25,f,"Seoul, 21-15 Street, House 10",2,0.0,Full Tuition Fee,0
12236930,Nur Min,KLC,Cho Hyunjin,min39@university.edu,010-9424-7333,1996-08-18,m,"Incheon, 58-39 Street, House 11",2,0.0,100%,Kayaking
12236975,Temur Hadi,KLC,Cho Hyunjin,hadi17@university.edu,010-8450-7372,1996-07-20,f,"Incheon, 18-31 Street, House 10",2,0.0,25%,Drama Club
12237050,Yoon Minho,IBT,Jang Minho,minho79@university.edu,010-5077-3024,1997-06-20,f,"Incheon, 92-18 Street, House 4",2,0.0,Full Tuition Fee,Drama Club
12237058,Park Donghyun,ISE,Choi Minho,donghyun21@university.edu,010-2167-6262,2001-06-27,f,"Seoul, 59-1 Street, House 14",2,0.0,100%,Kayaking
12237245,Ulan Ruslan,KLC,Jang Jisoo,ruslan38@university.edu,010-7320-8103,2002-08-17,f,"Incheon, 80-42 Street, House 3",2,0.0,100%,Game Programming
12237304,Soe Win,KLC,Cho Hyunjin,win74@university.edu,010-1490-1668,2004-02-08,m,"Seoul, 11-5 Street, House 2",2,0.0,Full Tuition Fee,Drama Club
12237353,Ulan Gulnara,KLC,Jang Jisoo,gulnara32@university.edu,010-5927-7562,1999-05-13,m,"Seoul, 90-3 Street, House 12",2,0.0,25%,Rock Climbing
12237412,Park Seoyeon,IBT,Choi Minho,seoyeon17@university.edu,010-8111-5414,2004-12-14,f,"Incheon, 96-34 Street, House 3",2,0.0,50%,0
12237489,Cho Seoyeon,IBT,Jang Minho,seoyeon70@university.edu,010-4837-2482,2000-10-10,m,"Incheon, 60-17 Street, House 11",2,0.0,50%,Music Society
12237511,Kim Soojin,ISE,Jang Minho,soojin53@university.edu,010-2147-4039,2002-07-16,m,"Seoul, 47-13 Street, House 12",2,0.0,100%,Game Programming
12237622,Kim Hyunjin,ISE,Jang Minho,hyunjin81@university.edu,010-1552-4747,1996-08-19,m,"Seoul, 45-23 Street, House 4",2,0.0,Full Tuition Fee,Debate Team
12237637,Jang Jisoo,IBT,Kim Hyunjin,jisoo33@university.edu,010-6858-7970,2000-06-06,f,"Seoul, 94-37 Street, House 20",2,0.0,25%,Music Society
12237769,Osmon Madina,KLC,Kang Jisoo,madina6@university.edu,010-2824-7057,1996-12-22,m,"Incheon, 91-9 Street, House 13",2,0.0,50%,Game Programming
12237770,Soe Win,KLC,Kim Hyunjin,win93@university.edu,010-4590-5339,2002-02-28,m,"Seoul, 33-38 Street, House 8",2,0.0,25%,Kayaking
12237819,Park Jisoo,ISE,Kang Jisoo,jisoo56@university.edu,010-9005-5830,2002-10-06,f,"Seoul, 5-6 Street, House 12",2,0.0,Full Tuition Fee,Debate Team
12237825,Yoon Minho,ISE,Yoon Donghyun,minho69@university.edu,010-1678-8422,2003-11-19,m,"Incheon, 31-47 Street, House 8",2,0.0,50%,0
12237988,Cho Hyunjin,IBT,Kim Hyunjin,hyunjin92@university.edu,010-1291-7425,1999-10-20,f,"Seoul, 68-47 Street, House 13",2,0.0,25%,Debate Team
12238432,Soe Shoxrux,KLC,Jang Minho,shoxrux62@university.edu,010-5457-6715,1998-09-11,m,"Incheon, 7-2 Street, House 10",2,0.0,100%,Skating
12238677,Jung Soojin,IBT,Kim Hyunjin,soojin58@university.edu,010-8686-9192,2005-04-21,m,"Incheon, 42-23 Street, House 18",2,0.0,50%,Game Programming
12239113,Choi Soojin,IBT,Kang Jisoo,soojin48@university.edu,010-7467-8558,1999-11-27,m,"Seoul, 55-26 Street, House 6",2,0.0,50%,Debate Team
12239115,Kim Soojin,IBT,Jang Minho,soojin63@university.edu,010-7607-7560,1999-04-27,f,"Seoul, 54-32 Street, House 11",2,0.0,25%,Skating
12239156,Ulan Zhanar,KLC,Yoon Donghyun,zhanar43@university.edu,010-2818-7042,2005-12-12,m,"Seoul, 15-37 Street, House 17",2,0.0,100%,Skating
12239239,Jang Soojin,ISE,Jang Minho,soojin95@university.edu,010-9627-9404,2004-08-26,m,"Incheon, 14-6 Street, House 15",2,0.0,Full Tuition Fee,Music Society
12239282,Im Hyunjin,IBT,Yoon Minho,hyunjin90@university.edu,010-7995-4783,1995-03-04,f,"Incheon, 86-49 Street, House 9",2,0.0,100%,Drama Club
12239304,Akbar Aizada,KLC,Cho Hyunjin,aizada18@university.edu,010-5659-4461,2001-11-27,m,"Incheon, 55-17 Street, House 5",2,0.0,25%,Skating
12239328,Choi Hyunjin,IBT,Jang Jisoo,hyunjin58@university.edu,010-2404-2990,2005-11-17,f,"Incheon, 68-2 Street, House 11",2,0.0,100%,Kayaking
12239361,Cho Seoyeon,ISE,Yoon Donghyun,seoyeon89@university.edu,010-7218-6344,2002-01-06,f,"Incheon, 67-31 Street, House 3",2,0.0,25%,Skating
12239473,Nur Aibek,KLC,Yoon Donghyun,aibek32@university.edu,010-1344-3370,2004-09-11,f,"Incheon, 1-19 Street, House 8",2,0.0,50%,0
12239478,Tjokro Hadi,KLC,Cho Hyunjin,hadi38@university.edu,010-1784-2903,1998-09-18,f,"Seoul, 31-1 Street, House 11",2,0.0,25%,Skating
12239579,Kim Minho,IBT,Kim Hyunjin,minho28@university.edu,010-4555-6700,2005-09-14,f,"Incheon, 44-17 Street, House 11",2,0.0,50%,0
12239686,Choi Soojin,ISE,Jang Minho,soojin17@university.edu,010-3120-4157,1997-05-17,m,"Seoul, 95-41 Street, House 10",2,0.0,100%,0
12239797,Choi Soojin,IBT,Kim Hyunjin,soojin94@university.edu,010-8234-8128,1996-01-01,f,"Seoul, 7-50 Street, House 14",2,0.0,100%,0
12239828,Jung Soojin,IBT,Jang Minho,soojin25@university.edu,010-2817-5052,2001-07-19,f,"Incheon, 20-7 Street, House 14",2,0.0,100%,0
12239989,Yoon Hyunjin,ISE,Kang Jisoo,hyunjin17@university.edu,010-2783-9564,2004-11-03,m,"Incheon, 4-10 Street, House 12",2,0.0,25%,Music Society
